topology,distance,metric,reach,sample_prob,n_eff,max_abs_error,eps_observed,eps_predicted,bound_holds,spearman
trellis,250,harmonic,10.353781700134277,0.025,0.2588445425033569,1.8469590425491333,0.17838497044274945,3.2096280907288053,True,0.12344915124765862
trellis,250,betweenness,10.353781700134277,0.025,0.2588445425033569,503.5065490722656,5.198988893387783,3.2096280907288053,False,0.05996719595510343
trellis,250,harmonic,10.353781700134277,0.05,0.5176890850067138,1.041715717315674,0.10061209976082111,2.2695497880411697,True,0.17379249317334206
trellis,250,betweenness,10.353781700134277,0.05,0.5176890850067138,255.21130981445313,2.635200609876985,2.2695497880411697,False,0.08539951479912072
trellis,250,harmonic,10.353781700134277,0.1,1.0353781700134277,0.6438684344291687,0.06218678866107622,1.6048140453644026,True,0.2313964226933753
trellis,250,betweenness,10.353781700134277,0.1,1.0353781700134277,136.16360168457032,1.4059659286381123,1.6048140453644026,True,0.1287703633613835
trellis,250,harmonic,10.353781700134277,0.2,2.0707563400268554,0.38520103693008423,0.03720389786903548,1.1347748940205848,True,0.2786323927254416
trellis,250,betweenness,10.353781700134277,0.2,2.0707563400268554,71.27653350830079,0.7359703796338359,1.1347748940205848,True,0.1958797130580007
trellis,250,harmonic,10.353781700134277,0.3,3.1061345100402833,0.2505808472633362,0.02420186696229904,0.9265398210904301,True,0.30439320108904305
trellis,250,betweenness,10.353781700134277,0.3,3.1061345100402833,46.28465270996094,0.47791512506992406,0.9265398210904301,True,0.25710560832918633
trellis,250,harmonic,10.353781700134277,0.4,4.141512680053711,0.18880598545074462,0.018235461295103027,0.8024070226822013,True,0.3181636211504558
trellis,250,betweenness,10.353781700134277,0.4,4.141512680053711,31.50632247924805,0.32532053643178127,0.8024070226822013,True,0.3119192704458934
trellis,250,harmonic,10.353781700134277,0.5,5.176890850067139,0.14730337858200074,0.014227012201743675,0.7176946593362471,True,0.3350730684455315
trellis,250,betweenness,10.353781700134277,0.5,5.176890850067139,22.10434036254883,0.22823977215847646,0.7176946593362471,True,0.37455220451955124
trellis,250,harmonic,10.353781700134277,0.6,6.212269020080567,0.12450261414051056,0.01202484442364628,0.6551625905324137,True,0.35108134800772395
trellis,250,betweenness,10.353781700134277,0.6,6.212269020080567,20.8638427734375,0.21543093541157154,0.6551625905324137,True,0.44349609985288074
trellis,250,harmonic,10.353781700134277,0.7,7.247647190093994,0.10669424682855606,0.010304857676028881,0.6065626949339625,True,0.364047236530876
trellis,250,betweenness,10.353781700134277,0.7,7.247647190093994,19.56766242980957,0.20204714284171166,0.6065626949339625,True,0.5287310921487884
trellis,250,harmonic,10.353781700134277,0.8,8.283025360107422,0.09519357234239578,0.009194087252309099,0.5673874470102924,True,0.3771482886322398
trellis,250,betweenness,10.353781700134277,0.8,8.283025360107422,18.097720336914062,0.18686916227925807,0.5673874470102924,True,0.6391615402185902
trellis,250,harmonic,10.353781700134277,0.9,9.31840353012085,0.0703928902745247,0.006798761294495109,0.5349380151214675,True,0.40389773498363263
trellis,250,betweenness,10.353781700134277,0.9,9.31840353012085,15.067646598815918,0.15558194319631966,0.5349380151214675,True,0.7864917369000193
trellis,500,harmonic,48.31764602661133,0.025,1.2079411506652833,1.8534941673278809,0.03836060569480256,1.6867549838276317,True,0.30372180523388415
trellis,500,betweenness,48.31764602661133,0.025,1.2079411506652833,2974.60830078125,1.3010706696985306,1.6867549838276317,True,0.18238227090167697
trellis,500,harmonic,48.31764602661133,0.05,2.4158823013305666,1.1226418256759643,0.023234613396887347,1.1927158872647237,True,0.33721652518667034
trellis,500,betweenness,48.31764602661133,0.05,2.4158823013305666,1725.291015625,0.7546289494769859,1.1927158872647237,True,0.23551357152460542
trellis,500,harmonic,48.31764602661133,0.1,4.831764602661133,0.7008431315422058,0.014504910507358137,0.8433774919138158,True,0.3625654646023025
trellis,500,betweenness,48.31764602661133,0.1,4.831764602661133,998.2510009765625,0.43662726888333153,0.8433774919138158,True,0.2899521268098205
trellis,500,harmonic,48.31764602661133,0.2,9.663529205322266,0.43583040237426757,0.009020108349943838,0.5963579436323618,True,0.38379564048787784
trellis,500,betweenness,48.31764602661133,0.2,9.663529205322266,577.5148803710938,0.25260054305904467,0.5963579436323618,True,0.3622908758844258
trellis,500,harmonic,48.31764602661133,0.3,14.495293807983398,0.29458906054496764,0.006096924928476862,0.486924221984913,True,0.40399014289870416
trellis,500,betweenness,48.31764602661133,0.3,14.495293807983398,388.42174072265624,0.1698926659334497,0.486924221984913,True,0.42336621850239126
trellis,500,harmonic,48.31764602661133,0.4,19.327058410644533,0.239024555683136,0.004946941238641703,0.4216887459569079,True,0.4155700125413052
trellis,500,betweenness,48.31764602661133,0.4,19.327058410644533,294.3060668945312,0.12872719794745419,0.4216887459569079,True,0.4790431003585168
trellis,500,harmonic,48.31764602661133,0.5,24.158823013305664,0.18264782428741455,0.003780147405915011,0.37716988052251427,True,0.42819563267132876
trellis,500,betweenness,48.31764602661133,0.5,24.158823013305664,214.24303588867187,0.09370824727030819,0.37716988052251427,True,0.5366037727719858
trellis,500,harmonic,48.31764602661133,0.6,28.990587615966795,0.1499641865491867,0.0031037146649609696,0.34430741928951575,True,0.44493058159991383
trellis,500,betweenness,48.31764602661133,0.6,28.990587615966795,181.24663391113282,0.07927587618895157,0.34430741928951575,True,0.599911490735382
trellis,500,harmonic,48.31764602661133,0.7,33.82235221862793,0.11892718076705933,0.002461361232324092,0.3187667292790492,True,0.458175935025379
trellis,500,betweenness,48.31764602661133,0.7,33.82235221862793,168.52854919433594,0.07371308427600638,0.3187667292790492,True,0.6708032401380175
trellis,500,harmonic,48.31764602661133,0.8,38.654116821289065,0.10356046557426453,0.002143325970748405,0.2981789718161809,True,0.46217442159746935
trellis,500,betweenness,48.31764602661133,0.8,38.654116821289065,135.2188262939453,0.059143669045738465,0.2981789718161809,True,0.7556716468726965
trellis,500,harmonic,48.31764602661133,0.9,43.4858814239502,0.08002907037734985,0.0016563114505469328,0.2811258306379386,True,0.47303193411368627
trellis,500,betweenness,48.31764602661133,0.9,43.4858814239502,107.21992950439453,0.04689716809055949,0.2811258306379386,True,0.8602773957882223
trellis,1000,harmonic,181.19117736816406,0.025,4.529779434204102,1.8590373039245605,0.010260087333872582,0.9511050865438324,True,0.5686357733337859
trellis,1000,betweenness,181.19117736816406,0.025,4.529779434204102,12406.148828125,0.37998496826845707,0.9511050865438324,True,0.4221393112848161
trellis,1000,harmonic,181.19117736816406,0.05,9.059558868408203,1.1994331359863282,0.006619710481538451,0.672532856316162,True,0.5991453651564292
trellis,1000,betweenness,181.19117736816406,0.05,9.059558868408203,7738.04375,0.23700669317603776,0.672532856316162,True,0.48182403700266374
trellis,1000,harmonic,181.19117736816406,0.1,18.119117736816406,0.7828858137130738,0.00432077226432676,0.4755525432719162,True,0.6244521882853716
trellis,1000,betweenness,181.19117736816406,0.1,18.119117736816406,5086.05244140625,0.15577948502263364,0.4755525432719162,True,0.548265641168914
trellis,1000,harmonic,181.19117736816406,0.2,36.23823547363281,0.4704368233680725,0.002596356126171571,0.336266428158081,True,0.6459792581706602
trellis,1000,betweenness,181.19117736816406,0.2,36.23823547363281,2970.075390625,0.09096972950244174,0.336266428158081,True,0.6344340021930044
trellis,1000,harmonic,181.19117736816406,0.3,54.35735321044922,0.3572432279586792,0.0019716369921963326,0.27456038887185197,True,0.6583649198705541
trellis,1000,betweenness,181.19117736816406,0.3,54.35735321044922,2051.490087890625,0.06283459974161766,0.27456038887185197,True,0.6978047933315646
trellis,1000,harmonic,181.19117736816406,0.4,72.47647094726562,0.2735068678855896,0.001509493297953732,0.2377762716359581,True,0.6705093748962779
trellis,1000,betweenness,181.19117736816406,0.4,72.47647094726562,1494.97998046875,0.04578938462777184,0.2377762716359581,True,0.7478591218616597
trellis,1000,harmonic,181.19117736816406,0.5,90.59558868408203,0.21220593452453612,0.0011711714533062109,0.21267356272578297,True,0.6826342349745949
trellis,1000,betweenness,181.19117736816406,0.5,90.59558868408203,1199.0651611328126,0.03672588032895017,0.21267356272578297,True,0.7947073220660148
trellis,1000,harmonic,181.19117736816406,0.6,108.71470642089844,0.15870147943496704,0.0008758786257705032,0.19414351281650202,True,0.692217702496935
trellis,1000,betweenness,181.19117736816406,0.6,108.71470642089844,985.1685302734375,0.030174491528457,0.19414351281650202,True,0.8381696876156519
trellis,1000,harmonic,181.19117736816406,0.7,126.83382415771483,0.12926613092422484,0.0007134239801398706,0.17974196640596754,True,0.7047849176588171
trellis,1000,betweenness,181.19117736816406,0.7,126.83382415771483,832.1805908203125,0.025488660484195846,0.17974196640596754,True,0.8792853715034467
trellis,1000,harmonic,181.19117736816406,0.8,144.95294189453125,0.10531131029129029,0.000581216546086608,0.1681332140790405,True,0.7128788993645051
trellis,1000,betweenness,181.19117736816406,0.8,144.95294189453125,674.6065551757813,0.02066236299543928,0.1681332140790405,True,0.9188280622648405
trellis,1000,harmonic,181.19117736816406,0.9,163.07205963134766,0.08216568231582641,0.0004534750726238352,0.15851751442397208,True,0.7312366170180699
trellis,1000,betweenness,181.19117736816406,0.9,163.07205963134766,523.7103515625,0.016040599228440432,0.15851751442397208,True,0.9583058686823358
trellis,1500,harmonic,398.6205749511719,0.025,9.965514373779298,1.9640534162521361,0.004927125039877128,0.6713728660575803,True,0.7303053480438703
trellis,1500,betweenness,398.6205749511719,0.025,9.965514373779298,31258.13359375,0.19721252009618814,0.6713728660575803,True,0.5896752921254599
trellis,1500,harmonic,398.6205749511719,0.05,19.931028747558596,1.2289790391921998,0.0030830797917110546,0.4747323062939627,True,0.7576131672594019
trellis,1500,betweenness,398.6205749511719,0.05,19.931028747558596,18476.341796875,0.11657016939260939,0.4747323062939627,True,0.6515515769039191
trellis,1500,harmonic,398.6205749511719,0.1,39.86205749511719,0.7997805356979371,0.002006370433327242,0.33568643302879014,True,0.7783522108486489
trellis,1500,betweenness,398.6205749511719,0.1,39.86205749511719,12199.85546875,0.07697082215690951,0.33568643302879014,True,0.7187242376399097
trellis,1500,harmonic,398.6205749511719,0.2,79.72411499023438,0.48662829399108887,0.0012207806735783702,0.23736615314698134,True,0.7982021623041786
trellis,1500,betweenness,398.6205749511719,0.2,79.72411499023438,7455.6154296875,0.047038659661071,0.23736615314698134,True,0.796743014234462
trellis,1500,harmonic,398.6205749511719,0.3,119.58617248535155,0.3528268814086914,0.0008851195938692079,0.19380865247247728,True,0.8096001385196908
trellis,1500,betweenness,398.6205749511719,0.3,119.58617248535155,5183.085546875,0.03270090837342025,0.19380865247247728,True,0.8458883751077735
trellis,1500,harmonic,398.6205749511719,0.4,159.44822998046877,0.27875490188598634,0.0006992988305235669,0.16784321651439507,True,0.8219516200023707
trellis,1500,betweenness,398.6205749511719,0.4,159.44822998046877,4219.8931640625,0.02662397493840907,0.16784321651439507,True,0.8797098153113014
trellis,1500,harmonic,398.6205749511719,0.5,199.31028747558594,0.2189736008644104,0.0005493283955331033,0.15012353667536107,True,0.8261222870429673
trellis,1500,betweenness,398.6205749511719,0.5,199.31028747558594,3144.5662109375,0.01983956672295697,0.15012353667536107,True,0.9078094715778405
trellis,1500,harmonic,398.6205749511719,0.6,239.1723449707031,0.16118874549865722,0.00040436634641451125,0.13704341241591564,True,0.8340975725225986
trellis,1500,betweenness,398.6205749511719,0.6,239.1723449707031,2614.6859375,0.01649646807759316,0.13704341241591564,True,0.9306984549810023
trellis,1500,harmonic,398.6205749511719,0.7,279.0344024658203,0.13909718990325928,0.0003489463380566788,0.12687754575607393,True,0.8468622733290914
trellis,1500,betweenness,398.6205749511719,0.7,279.0344024658203,2099.00791015625,0.01324297365427205,0.12687754575607393,True,0.950857904491213
trellis,1500,harmonic,398.6205749511719,0.8,318.89645996093753,0.11036677360534668,0.0002768717435593128,0.11868307657349067,True,0.8533712852390065
trellis,1500,betweenness,398.6205749511719,0.8,318.89645996093753,1768.84951171875,0.011159951979561449,0.11868307657349067,True,0.9684849373604687
trellis,1500,harmonic,398.6205749511719,0.9,358.7585174560547,0.08736951351165771,0.0002191796384879527,0.11189547767626339,True,0.8628538813684274
trellis,1500,betweenness,398.6205749511719,0.9,358.7585174560547,1257.708984375,0.007935085363055884,0.11189547767626339,True,0.9845728886628903
trellis,2000,harmonic,700.6058959960938,0.025,17.515147399902343,1.942448329925537,0.002772526381845304,0.5220678884258783,True,0.8405928059848469
trellis,2000,betweenness,700.6058959960938,0.025,17.515147399902343,59235.0875,0.12085142775996496,0.5220678884258783,True,0.7088262617382031
trellis,2000,harmonic,700.6058959960938,0.05,35.030294799804686,1.2049724340438843,0.0017199005045921032,0.3691577441456804,True,0.8584609031136706
trellis,2000,betweenness,700.6058959960938,0.05,35.030294799804686,36279.43203125,0.07401729860358809,0.3691577441456804,True,0.7655330299116936
trellis,2000,harmonic,700.6058959960938,0.1,70.06058959960937,0.8420614004135132,0.0012019045303869498,0.26103394421293913,True,0.8742003523580888
trellis,2000,betweenness,700.6058959960938,0.1,70.06058959960937,23620.3515625,0.048190242152009045,0.26103394421293913,True,0.8246328242451971
trellis,2000,harmonic,700.6058959960938,0.2,140.12117919921874,0.5101484775543212,0.0007281532748579175,0.1845788720728402,True,0.889830171484661
trellis,2000,betweenness,700.6058959960938,0.2,140.12117919921874,14289.812109375,0.029154075206516836,0.1845788720728402,True,0.884327627510339
trellis,2000,harmonic,700.6058959960938,0.3,210.18176879882813,0.3533628940582275,0.0005043675710947738,0.15070801795897015,True,0.8967157135169128
trellis,2000,betweenness,700.6058959960938,0.3,210.18176879882813,9881.09765625,0.02015941581235034,0.15070801795897015,True,0.9176573079419752
trellis,2000,harmonic,700.6058959960938,0.4,280.2423583984375,0.28500730991363527,0.0004068011867191371,0.13051697210646956,True,0.9012533986224245
trellis,2000,betweenness,700.6058959960938,0.4,280.2423583984375,8231.03515625,0.016792958237383863,0.13051697210646956,True,0.9383029397903151
trellis,2000,harmonic,700.6058959960938,0.5,350.3029479980469,0.2185770034790039,0.00031198282048174855,0.11673792873900395,True,0.9071562754528724
trellis,2000,betweenness,700.6058959960938,0.5,350.3029479980469,6237.9876953125,0.012726742732128302,0.11673792873900395,True,0.9541554251163445
trellis,2000,harmonic,700.6058959960938,0.6,420.36353759765626,0.17193233966827393,0.0002454052137597662,0.10656666147797178,True,0.9092998328246995
trellis,2000,betweenness,700.6058959960938,0.6,420.36353759765626,5280.459765625,0.010773194213730691,0.10656666147797178,True,0.9662996207504412
trellis,2000,harmonic,700.6058959960938,0.7,490.4241271972656,0.14720542430877687,0.0002101115979041056,0.09866155716196355,True,0.917277689547481
trellis,2000,betweenness,700.6058959960938,0.7,490.4241271972656,4220.4806640625,0.00861062481059521,0.09866155716196355,True,0.976695291073441
trellis,2000,harmonic,700.6058959960938,0.8,560.484716796875,0.11784934997558594,0.00016821061690900044,0.0922894360364201,True,0.9214403873415586
trellis,2000,betweenness,700.6058959960938,0.8,560.484716796875,3598.0931640625,0.007340829809533462,0.0922894360364201,True,0.98542088154992
trellis,2000,harmonic,700.6058959960938,0.9,630.5453063964844,0.08769397735595703,0.0001251687687145099,0.08701131473764637,True,0.9316578532405932
trellis,2000,betweenness,700.6058959960938,0.9,630.5453063964844,2475.8751953125,0.005051280667205864,0.08701131473764637,True,0.9930699479809117
trellis,3000,harmonic,1558.244140625,0.025,38.956103515625,1.9463351249694825,0.001249056597888969,0.3644227335391615,True,0.9377995049895927
trellis,3000,betweenness,1558.244140625,0.025,38.956103515625,148575.471875,0.06122868190304013,0.3644227335391615,True,0.8391545998503137
trellis,3000,harmonic,1558.244140625,0.05,77.91220703125,1.1970036983489991,0.0007681746827354601,0.2576857861040794,True,0.9462917766322487
trellis,3000,betweenness,1558.244140625,0.05,77.91220703125,91592.9375,0.03774589953495671,0.2576857861040794,True,0.8815983297443706
trellis,3000,harmonic,1558.244140625,0.1,155.8244140625,0.8672057151794433,0.000556527499491584,0.18221136676958075,True,0.9560934368315124
trellis,3000,betweenness,1558.244140625,0.1,155.8244140625,58957.728125,0.024296769416479753,0.18221136676958075,True,0.9195477248746002
trellis,3000,harmonic,1558.244140625,0.2,311.648828125,0.5169836759567261,0.000331773219920062,0.1288428930520397,True,0.9689286680632219
trellis,3000,betweenness,1558.244140625,0.2,311.648828125,37367.146875,0.01539918480998299,0.1288428930520397,True,0.9517655239338811
trellis,3000,harmonic,1558.244140625,0.3,467.4732421875,0.36444506645202634,0.0002338818782953037,0.10519978165382708,True,0.9716220908545743
trellis,3000,betweenness,1558.244140625,0.3,467.4732421875,25559.590625,0.010533232869465196,0.10519978165382708,True,0.9674966978221692
trellis,3000,harmonic,1558.244140625,0.4,623.29765625,0.2828069686889648,0.00018149079551522208,0.09110568338479037,True,0.9733692218920142
trellis,3000,betweenness,1558.244140625,0.4,623.29765625,20899.965625,0.008612978514476607,0.09110568338479037,True,0.9766016458304388
trellis,3000,harmonic,1558.244140625,0.5,779.1220703125,0.22426810264587402,0.0001439235975923014,0.08148740047398577,True,0.9747260667663346
trellis,3000,betweenness,1558.244140625,0.5,779.1220703125,16337.58046875,0.006732797176831548,0.08148740047398577,True,0.9831273507094306
trellis,3000,harmonic,1558.244140625,0.6,934.946484375,0.17666223049163818,0.00011337262620527505,0.07438747898676529,True,0.9757882406430787
trellis,3000,betweenness,1558.244140625,0.6,934.946484375,13515.84140625,0.005569944646122093,0.07438747898676529,True,0.9879489339172984
trellis,3000,harmonic,1558.244140625,0.7,1090.7708984375,0.14884815216064454,9.55229981490209e-05,0.06886942321735562,True,0.9776239427926499
trellis,3000,betweenness,1558.244140625,0.7,1090.7708984375,11572.7328125,0.004769180048249048,0.06886942321735562,True,0.9919125631059172
trellis,3000,harmonic,1558.244140625,0.8,1246.5953125,0.1204035758972168,7.72687493302069e-05,0.06442144652601985,True,0.9794177837993965
trellis,3000,betweenness,1558.244140625,0.8,1246.5953125,9393.5265625,0.0038711184463002097,0.06442144652601985,True,0.9950669986825927
trellis,3000,harmonic,1558.244140625,0.9,1402.4197265625,0.08764450550079346,5.6245682698758556e-05,0.060737122256526915,True,0.9830760945635163
trellis,3000,betweenness,1558.244140625,0.9,1402.4197265625,6585.11796875,0.0027137594672545107,0.060737122256526915,True,0.9977147254414362
trellis,4000,harmonic,2852.466552734375,0.025,71.31166381835938,1.966725730895996,0.0006894824863102048,0.2771053586893087,True,0.9762952495556642
trellis,4000,betweenness,2852.466552734375,0.025,71.31166381835938,298352.51875,0.03668097459633592,0.2771053586893087,True,0.9074917091997985
trellis,4000,harmonic,2852.466552734375,0.05,142.62332763671876,1.2643631935119628,0.0004432525921469417,0.19594307823234075,True,0.9815547718065589
trellis,4000,betweenness,2852.466552734375,0.05,142.62332763671876,180688.15625,0.022214720013202592,0.19594307823234075,True,0.9368260733091984
trellis,4000,harmonic,2852.466552734375,0.1,285.2466552734375,0.8788918495178223,0.0003081164435303602,0.13855267934465434,True,0.9869544403990052
trellis,4000,betweenness,2852.466552734375,0.1,285.2466552734375,120570.3625,0.01482353298863683,0.13855267934465434,True,0.9599656856682559
trellis,4000,harmonic,2852.466552734375,0.2,570.493310546875,0.5233941555023194,0.000183488270879318,0.09797153911617038,True,0.992520837149214
trellis,4000,betweenness,2852.466552734375,0.2,570.493310546875,76967.10625,0.009462727115353833,0.09797153911617038,True,0.977535463249508
trellis,4000,harmonic,2852.466552734375,0.3,855.7399658203125,0.3602236270904541,0.00012628496090344815,0.0799934267165801,True,0.9934373688725966
trellis,4000,betweenness,2852.466552734375,0.3,855.7399658203125,54135.59375,0.006655704960765684,0.0799934267165801,True,0.9853108208063288
trellis,4000,harmonic,2852.466552734375,0.4,1140.98662109375,0.2772048473358154,9.718075294172575e-05,0.06927633967232717,True,0.993629699385677
trellis,4000,betweenness,2852.466552734375,0.4,1140.98662109375,43432.84375,0.0053398544946601945,0.06927633967232717,True,0.9896429332885504
trellis,4000,harmonic,2852.466552734375,0.5,1426.2332763671875,0.22952718734741212,8.046621515242215e-05,0.06196264189587563,True,0.9943188947457011
trellis,4000,betweenness,2852.466552734375,0.5,1426.2332763671875,35310.3296875,0.004341231344994079,0.06196264189587563,True,0.992657300478489
trellis,4000,harmonic,2852.466552734375,0.6,1711.479931640625,0.17812643051147461,6.24464572041073e-05,0.05656389448164292,True,0.9950834191689311
trellis,4000,betweenness,2852.466552734375,0.6,1711.479931640625,28012.209375,0.0034439633517309395,0.05656389448164292,True,0.9948117553309588
trellis,4000,harmonic,2852.466552734375,0.7,1996.7265869140624,0.15203933715820311,5.330100611081949e-05,0.052367990432518725,True,0.9953695601416624
trellis,4000,betweenness,2852.466552734375,0.7,1996.7265869140624,23721.1296875,0.002916396211800298,0.052367990432518725,True,0.9965596386985185
trellis,4000,harmonic,2852.466552734375,0.8,2281.9732421875,0.12726006507873536,4.4614042873436616e-05,0.04898576955808519,True,0.9957667777541521
trellis,4000,betweenness,2852.466552734375,0.8,2281.9732421875,18955.16875,0.0023304447581038246,0.04898576955808519,True,0.9979211430620382
trellis,4000,harmonic,2852.466552734375,0.9,2567.219897460938,0.08762602806091309,3.071938844538414e-05,0.04618422644821811,True,0.9970607697159644
trellis,4000,betweenness,2852.466552734375,0.9,2567.219897460938,13288.7171875,0.0016337824115405766,0.04618422644821811,True,0.999048901878048
tree,500,harmonic,10.011282920837402,0.025,0.2502820730209351,1.474388837814331,0.14727271714053253,3.2537585772578814,True,0.2927265638159806
tree,500,betweenness,10.011282920837402,0.025,0.2502820730209351,1665.2015380859375,18.45824658340855,3.2537585772578814,False,0.19295580308315013
tree,500,harmonic,10.011282920837402,0.05,0.5005641460418702,0.9090059399604797,0.090798147165383,2.300754754322941,True,0.36199879962107795
tree,500,betweenness,10.011282920837402,0.05,0.5005641460418702,967.99638671875,10.729942045598257,2.300754754322941,False,0.2870247620902283
tree,500,harmonic,10.011282920837402,0.1,1.0011282920837403,0.5164549946784973,0.05158729393248413,1.6268792886289407,True,0.4637568200373951
tree,500,betweenness,10.011282920837402,0.1,1.0011282920837403,595.7506958007813,6.603713120495887,1.6268792886289407,False,0.4418253376673625
tree,500,harmonic,10.011282920837402,0.2,2.0022565841674806,0.28702489137649534,0.02867014084469475,1.1503773771614705,True,0.5974176090534435
tree,500,betweenness,10.011282920837402,0.2,2.0022565841674806,308.5055908203125,3.419689531554822,1.1503773771614705,False,0.6340534100168452
tree,500,harmonic,10.011282920837402,0.3,3.0033848762512205,0.20361851155757904,0.020338902932587104,0.9392791952289459,True,0.6874496643707271
tree,500,betweenness,10.011282920837402,0.3,3.0033848762512205,221.6515319824219,2.456939018699529,0.9392791952289459,False,0.7395801042432723
tree,500,harmonic,10.011282920837402,0.4,4.004513168334961,0.14811673760414124,0.01479498070081031,0.8134396443144704,True,0.750920909815164
tree,500,betweenness,10.011282920837402,0.4,4.004513168334961,156.20858764648438,1.7315241208214596,0.8134396443144704,False,0.8046489604751328
tree,500,harmonic,10.011282920837402,0.5,5.005641460418701,0.11020943224430084,0.011008522395757274,0.7275625361121625,True,0.80080250869823
tree,500,betweenness,10.011282920837402,0.5,5.005641460418701,120.54183044433594,1.336169093690898,0.7275625361121625,False,0.8495183939318691
tree,500,harmonic,10.011282920837402,0.6,6.006769752502441,0.0971420407295227,0.009703255966059261,0.6641706883738306,True,0.8451096546912862
tree,500,betweenness,10.011282920837402,0.6,6.006769752502441,105.72066345214844,1.1718810188010982,0.6641706883738306,False,0.8841675057279776
tree,500,harmonic,10.011282920837402,0.7,7.007898044586181,0.08368587046861649,0.00835915547790917,0.6149025729762642,True,0.8841098162434287
tree,500,betweenness,10.011282920837402,0.7,7.007898044586181,95.06826629638672,1.0538024746079073,0.6149025729762642,False,0.9106602970817235
tree,500,harmonic,10.011282920837402,0.8,8.009026336669923,0.06988828033208846,0.006980951480915955,0.5751886885807352,True,0.920855190328985
tree,500,betweenness,10.011282920837402,0.8,8.009026336669923,80.5259796142578,0.8926057021296075,0.5751886885807352,False,0.9325058086637809
tree,500,harmonic,10.011282920837402,0.9,9.010154628753662,0.06041768491268158,0.0060349592944705125,0.5422930962096469,True,0.9557210459677388
tree,500,betweenness,10.011282920837402,0.9,9.010154628753662,64.48700714111328,0.7148186282634019,0.5422930962096469,False,0.9539788467721848
tree,1000,harmonic,65.49327850341797,0.025,1.6373319625854492,1.4707684516906738,0.022456784654839308,1.4805008879373438,True,0.5888339706100082
tree,1000,betweenness,65.49327850341797,0.025,1.6373319625854492,12857.9908203125,3.0441211004741113,1.4805008879373438,False,0.6018316577627084
tree,1000,harmonic,65.49327850341797,0.05,3.2746639251708984,0.930098021030426,0.014201427112583561,1.0468722174132006,True,0.6718233646773765
tree,1000,betweenness,65.49327850341797,0.05,3.2746639251708984,7864.51474609375,1.8619188346093354,1.0468722174132006,False,0.7213396744889924
tree,1000,harmonic,65.49327850341797,0.1,6.549327850341797,0.548891681432724,0.008380885702707315,0.7402504439686719,True,0.7549651987437068
tree,1000,betweenness,65.49327850341797,0.1,6.549327850341797,5224.6373046875,1.236929539286828,0.7402504439686719,False,0.8147790666409268
tree,1000,harmonic,65.49327850341797,0.2,13.098655700683594,0.3028998613357544,0.004624899963130516,0.5234361087066003,True,0.8376020418512621
tree,1000,betweenness,65.49327850341797,0.2,13.098655700683594,2845.177734375,0.6735940083366435,0.5234361087066003,False,0.8962116048128494
tree,1000,harmonic,65.49327850341797,0.3,19.64798355102539,0.22684985399246216,0.003463711989629948,0.4273837930930527,True,0.883792913042561
tree,1000,betweenness,65.49327850341797,0.3,19.64798355102539,2223.80859375,0.5264852618307834,0.4273837930930527,False,0.9304838009230799
tree,1000,harmonic,65.49327850341797,0.4,26.197311401367188,0.16732677817344666,0.0025548694766397164,0.37012522198433595,True,0.9137581319952348
tree,1000,betweenness,65.49327850341797,0.4,26.197311401367188,1752.060302734375,0.4147991557461032,0.37012522198433595,False,0.9496479894235981
tree,1000,harmonic,65.49327850341797,0.5,32.746639251708984,0.12612819373607637,0.0019258189026144718,0.3310500626176699,True,0.9349189230401208
tree,1000,betweenness,65.49327850341797,0.5,32.746639251708984,1366.8899658203125,0.3236103249044645,0.3310500626176699,True,0.9606446610269623
tree,1000,harmonic,65.49327850341797,0.6,39.29596710205078,0.10798850655555725,0.0016488486913954314,0.3022059782653259,True,0.951819924494405
tree,1000,betweenness,65.49327850341797,0.6,39.29596710205078,1129.4070922851563,0.2673864065308765,0.3022059782653259,True,0.9678294552186945
tree,1000,harmonic,65.49327850341797,0.7,45.84529495239258,0.09181577265262604,0.0014019113831327645,0.27978836894946557,True,0.9654443493124054
tree,1000,betweenness,65.49327850341797,0.7,45.84529495239258,989.5353515625,0.2342718614013806,0.27978836894946557,True,0.972570235613901
tree,1000,harmonic,65.49327850341797,0.8,52.394622802734375,0.07523750960826874,0.0011487821548640633,0.26171805435330014,True,0.9759501586989753
tree,1000,betweenness,65.49327850341797,0.8,52.394622802734375,764.9871948242187,0.18111022895413043,0.26171805435330014,True,0.9759686110982816
tree,1000,harmonic,65.49327850341797,0.9,58.94395065307617,0.06321302056312561,0.0009651833288484198,0.2467501479895573,True,0.9838967843749561
tree,1000,betweenness,65.49327850341797,0.9,58.94395065307617,553.5561889648437,0.131054073585422,0.2467501479895573,True,0.9790574568784235
tree,1500,harmonic,201.76170349121094,0.025,5.044042587280273,1.4757949352264403,0.007314544384240532,0.9072112569945225,True,0.7572571787609963
tree,1500,betweenness,201.76170349121094,0.025,5.044042587280273,41964.11484375,1.035996906955002,0.9072112569945225,False,0.8029712290220742
tree,1500,harmonic,201.76170349121094,0.05,10.088085174560547,0.9028500914573669,0.004474833805597288,0.6414952317895986,True,0.8116356647810197
tree,1500,betweenness,201.76170349121094,0.05,10.088085174560547,24508.58203125,0.6050601870852892,0.6414952317895986,True,0.8410431369710487
tree,1500,harmonic,201.76170349121094,0.1,20.176170349121094,0.5667730331420898,0.0028091209745697817,0.45360562849726127,True,0.8723400165640582
tree,1500,betweenness,201.76170349121094,0.1,20.176170349121094,16110.873046875,0.3977401812728354,0.45360562849726127,True,0.8824022586994843
tree,1500,harmonic,201.76170349121094,0.2,40.35234069824219,0.2919164657592773,0.0014468378324927935,0.3207476158947993,True,0.9225119740596707
tree,1500,betweenness,201.76170349121094,0.2,40.35234069824219,9702.441015625,0.23953082102476217,0.3207476158947993,True,0.9262935465860934
tree,1500,harmonic,201.76170349121094,0.3,60.52851104736328,0.2352786421775818,0.0011661214100912411,0.26188933171882317,True,0.9475631654842303
tree,1500,betweenness,201.76170349121094,0.3,60.52851104736328,7719.100390625,0.19056672966744798,0.26188933171882317,True,0.9473813689330504
tree,1500,harmonic,201.76170349121094,0.4,80.70468139648438,0.1820581078529358,0.0009023422418757807,0.22680281424863064,True,0.9614182027389141
tree,1500,betweenness,201.76170349121094,0.4,80.70468139648438,6292.1388671875,0.1553383510842351,0.22680281424863064,True,0.9605865833788888
tree,1500,harmonic,201.76170349121094,0.5,100.88085174560547,0.14037041068077089,0.0006957237585322313,0.2028586040592784,True,0.9711274808030502
tree,1500,betweenness,201.76170349121094,0.5,100.88085174560547,5168.32265625,0.12759392890704382,0.2028586040592784,True,0.9685694790892667
tree,1500,harmonic,201.76170349121094,0.6,121.05702209472656,0.11510219573974609,0.0005704858441818228,0.18518372237879305,True,0.9785028496538415
tree,1500,betweenness,201.76170349121094,0.6,121.05702209472656,4055.4248046875,0.10011905576201106,0.18518372237879305,True,0.9739545724841264
tree,1500,harmonic,201.76170349121094,0.7,141.23319244384766,0.09743636846542358,0.0004829279629355829,0.17144681232898668,True,0.9844893632313705
tree,1500,betweenness,201.76170349121094,0.7,141.23319244384766,3336.29345703125,0.082365366576852,0.17144681232898668,True,0.9778131425698648
tree,1500,harmonic,201.76170349121094,0.8,161.40936279296875,0.07823225855827332,0.0003877458269065479,0.16037380794739964,True,0.9887538456599042
tree,1500,betweenness,201.76170349121094,0.8,161.40936279296875,2417.31494140625,0.059677913182671925,0.16037380794739964,True,0.9810616012596624
tree,1500,harmonic,201.76170349121094,0.9,181.58553314208984,0.06335691213607789,0.0003140185230386787,0.15120187616575376,True,0.9921163145285918
tree,1500,betweenness,201.76170349121094,0.9,181.58553314208984,1723.91298828125,0.04255942322074085,0.15120187616575376,True,0.9846786859467089
tree,2000,harmonic,409.7775573730469,0.025,10.244438934326173,1.5456098079681397,0.0037718263974155903,0.6631866323057378,True,0.849311465450595
tree,2000,betweenness,409.7775573730469,0.025,10.244438934326173,76520.625,0.456818091417832,0.6631866323057378,True,0.8875554610192646
tree,2000,harmonic,409.7775573730469,0.05,20.488877868652345,0.9323858857154846,0.0022753463896185845,0.46894376489565665,True,0.8869796305213805
tree,2000,betweenness,409.7775573730469,0.05,20.488877868652345,45981.46875,0.27450333547280464,0.46894376489565665,True,0.90608759997742
tree,2000,harmonic,409.7775573730469,0.1,40.97775573730469,0.5679010868072509,0.0013858764995523024,0.3315933161528689,True,0.928441791569232
tree,2000,betweenness,409.7775573730469,0.1,40.97775573730469,29244.27421875,0.1745844801125067,0.3315933161528689,True,0.9198597304986992
tree,2000,harmonic,409.7775573730469,0.2,81.95551147460938,0.3128204345703125,0.0007633908420356265,0.23447188244782832,True,0.9599139248326832
tree,2000,betweenness,409.7775573730469,0.2,81.95551147460938,18877.1984375,0.11269439790297621,0.23447188244782832,True,0.9430361271391876
tree,2000,harmonic,409.7775573730469,0.3,122.93326721191406,0.2429407835006714,0.0005928601484622223,0.19144549034233954,True,0.9734030073259102
tree,2000,betweenness,409.7775573730469,0.3,122.93326721191406,15181.669921875,0.09063257753378835,0.19144549034233954,True,0.9587139230453843
tree,2000,harmonic,409.7775573730469,0.4,163.91102294921876,0.1878983497619629,0.0004585374342277777,0.16579665807643446,True,0.9797662081346049
tree,2000,betweenness,409.7775573730469,0.4,163.91102294921876,12826.289453125,0.07657126517130813,0.16579665807643446,True,0.9690054973702023
tree,2000,harmonic,409.7775573730469,0.5,204.88877868652344,0.14946097135543823,0.00036473683994210133,0.14829303916047878,True,0.9849125247654348
tree,2000,betweenness,409.7775573730469,0.5,204.88877868652344,10431.153125,0.06227261554449737,0.14829303916047878,True,0.9757187054053522
tree,2000,harmonic,409.7775573730469,0.6,245.8665344238281,0.12520886659622193,0.00030555325528048926,0.13537240444865198,True,0.9886884616240904
tree,2000,betweenness,409.7775573730469,0.6,245.8665344238281,8078.8859375,0.048229889062603865,0.13537240444865198,True,0.9802330651996863
tree,2000,harmonic,409.7775573730469,0.7,286.8442901611328,0.10235291123390197,0.000249776761543638,0.12533049299310117,True,0.9918009111519643
tree,2000,betweenness,409.7775573730469,0.7,286.8442901611328,6631.0046875,0.03958622796829544,0.12533049299310117,True,0.9836590512727803
tree,2000,harmonic,409.7775573730469,0.8,327.8220458984375,0.07999056577682495,0.0001952048479414513,0.11723594122391416,True,0.9938533814986789
tree,2000,betweenness,409.7775573730469,0.8,327.8220458984375,4854.99140625,0.028983661699745672,0.11723594122391416,True,0.9866417688714337
tree,2000,harmonic,409.7775573730469,0.9,368.7998016357422,0.06410690546035766,0.00015644318315362747,0.11053110538428963,True,0.9955177687917368
tree,2000,betweenness,409.7775573730469,0.9,368.7998016357422,3212.5580078125,0.019178549805336516,0.11053110538428963,True,0.9902007949534617
tree,3000,harmonic,1040.0614013671875,0.025,26.00153503417969,1.5669461488723755,0.0015065900405616289,0.43725939141126824,True,0.9387500803254947
tree,3000,betweenness,1040.0614013671875,0.025,26.00153503417969,170815.60625,0.15806195722693459,0.43725939141126824,True,0.939695231297508
tree,3000,harmonic,1040.0614013671875,0.05,52.00307006835938,0.9634675502777099,0.00092635641416094,0.3091890808044106,True,0.9578702422766352
tree,3000,betweenness,1040.0614013671875,0.05,52.00307006835938,122219.70625,0.11309438525952022,0.3091890808044106,True,0.9422198739844955
tree,3000,harmonic,1040.0614013671875,0.1,104.00614013671876,0.576443862915039,0.0005542402228919261,0.21862969570563412,True,0.9755175482642331
tree,3000,betweenness,1040.0614013671875,0.1,104.00614013671876,77736.86875,0.0719327811613134,0.21862969570563412,True,0.944799743689931
tree,3000,harmonic,1040.0614013671875,0.2,208.0122802734375,0.31992640495300295,0.0003076033823892046,0.1545945404022053,True,0.9878601729314671
tree,3000,betweenness,1040.0614013671875,0.2,208.0122802734375,51486.7578125,0.04764258892833403,0.1545945404022053,True,0.9586692939762956
tree,3000,harmonic,1040.0614013671875,0.3,312.01842041015624,0.24268431663513185,0.00023333652832045979,0.12622591366849384,True,0.9921041013142089
tree,3000,betweenness,1040.0614013671875,0.3,312.01842041015624,40836.38125,0.03778740413796525,0.12622591366849384,True,0.9707391255498354
tree,3000,harmonic,1040.0614013671875,0.4,416.024560546875,0.2030918836593628,0.00019526912871912493,0.10931484785281706,True,0.9936333795489792
tree,3000,betweenness,1040.0614013671875,0.4,416.024560546875,35476.921875,0.032828099440413684,0.10931484785281706,True,0.9785442137434333
tree,3000,harmonic,1040.0614013671875,0.5,520.0307006835938,0.16249454021453857,0.000156235526095801,0.09777417229957835,True,0.995241507091564
tree,3000,betweenness,1040.0614013671875,0.5,520.0307006835938,26104.890625,0.02415581454158001,0.09777417229957835,True,0.9838131434673955
tree,3000,harmonic,1040.0614013671875,0.6,624.0368408203125,0.13140392303466797,0.0001263424667639181,0.08925519951645972,True,0.9963941097148472
tree,3000,betweenness,1040.0614013671875,0.6,624.0368408203125,22164.946875,0.020510039813142235,0.08925519951645972,True,0.9873086061811357
tree,3000,harmonic,1040.0614013671875,0.7,728.0429809570312,0.10984331369400024,0.00010561233553096806,0.08263425772154771,True,0.9975328144442577
tree,3000,betweenness,1040.0614013671875,0.7,728.0429809570312,17148.41875,0.015868062002514265,0.08263425772154771,True,0.9899235625222165
tree,3000,harmonic,1040.0614013671875,0.8,832.04912109375,0.0833642840385437,8.015323319273189e-05,0.07729727020110265,True,0.9981803161045679
tree,3000,betweenness,1040.0614013671875,0.8,832.04912109375,12669.378125,0.011723441126068716,0.07729727020110265,True,0.9922177632897418
tree,3000,harmonic,1040.0614013671875,0.9,936.0552612304688,0.06839509010314941,6.576062722185661e-05,0.07287656523521138,True,0.9987600763194135
tree,3000,betweenness,1040.0614013671875,0.9,936.0552612304688,8737.175,0.008084829082379246,0.07287656523521138,True,0.994824819315334
tree,4000,harmonic,2026.69384765625,0.025,50.66734619140625,1.5752684593200683,0.0007772601970158304,0.32357609752680666,True,0.9742859893724164
tree,4000,betweenness,2026.69384765625,0.025,50.66734619140625,366131.325,0.08918153210228777,0.32357609752680666,True,0.9543906117671155
tree,4000,harmonic,2026.69384765625,0.05,101.3346923828125,0.9460933208465576,0.0004668161014751477,0.22880285279108464,True,0.9841063655364
tree,4000,betweenness,2026.69384765625,0.05,101.3346923828125,254556.428125,0.06200434302274845,0.22880285279108464,True,0.954648225647583
tree,4000,harmonic,2026.69384765625,0.1,202.669384765625,0.5673800230026245,0.00027995349354751606,0.16178804876340333,True,0.9914223667091869
tree,4000,betweenness,2026.69384765625,0.1,202.669384765625,165342.64375,0.04027382877296214,0.16178804876340333,True,0.9570593098877727
tree,4000,harmonic,2026.69384765625,0.2,405.33876953125,0.322348952293396,0.0001590516262069741,0.11440142639554232,True,0.9958529591358396
tree,4000,betweenness,2026.69384765625,0.2,405.33876953125,106764.61875,0.026005511204051274,0.11440142639554232,True,0.9679980023474476
tree,4000,harmonic,2026.69384765625,0.3,608.008154296875,0.24814949035644532,0.00012244054060923674,0.09340837350521522,True,0.9973739094833334
tree,4000,betweenness,2026.69384765625,0.3,608.008154296875,85702.325,0.02087520003438165,0.09340837350521522,True,0.9774507577105058
tree,4000,harmonic,2026.69384765625,0.4,810.6775390625,0.20040132999420165,9.888090903613971e-05,0.08089402438170167,True,0.9978047164217196
tree,4000,betweenness,2026.69384765625,0.4,810.6775390625,71862.75,0.01750418417785935,0.08089402438170167,True,0.9838862003508636
tree,4000,harmonic,2026.69384765625,0.5,1013.346923828125,0.17147631645202638,8.460888981842446e-05,0.07235381499640413,True,0.9983129332758143
tree,4000,betweenness,2026.69384765625,0.5,1013.346923828125,54057.575,0.013167235445462985,0.07235381499640413,True,0.9880174546793601
tree,4000,harmonic,2026.69384765625,0.6,1216.01630859375,0.14346396923065186,7.078719333783904e-05,0.06604969432514353,True,0.9987500501960479
tree,4000,betweenness,2026.69384765625,0.6,1216.01630859375,46963.28125,0.011439221635640283,0.06604969432514353,True,0.9908509436409487
tree,4000,harmonic,2026.69384765625,0.7,1418.685693359375,0.10888265371322632,5.372427307614448e-05,0.061150134590050906,True,0.9991785698431942
tree,4000,betweenness,2026.69384765625,0.7,1418.685693359375,34628.275,0.008434685610577978,0.061150134590050906,True,0.9930607159514043
tree,4000,harmonic,2026.69384765625,0.8,1621.355078125,0.08340797424316407,4.115469849559192e-05,0.05720071319777116,True,0.9993830921487092
tree,4000,betweenness,2026.69384765625,0.8,1621.355078125,26773.121875,0.006521343203763773,0.05720071319777116,True,0.9949467442280897
tree,4000,harmonic,2026.69384765625,0.9,1824.024462890625,0.06891819238662719,3.400523096585454e-05,0.053929349587801115,True,0.9996140568002279
tree,4000,betweenness,2026.69384765625,0.9,1824.024462890625,18064.884375,0.004400208219859853,0.053929349587801115,True,0.9969779851603185
linear,250,harmonic,7.491866111755371,0.025,0.1872966527938843,1.6754066705703736,0.22363008702751894,3.6569528427170157,True,0.23072647090273693
linear,250,betweenness,7.491866111755371,0.025,0.1872966527938843,490.62892456054686,10.087733170754136,3.6569528427170157,False,0.07959811026054184
linear,250,harmonic,7.491866111755371,0.05,0.3745933055877686,0.9670113325119019,0.1290748283654695,2.585856153564624,True,0.3294363451139308
linear,250,betweenness,7.491866111755371,0.05,0.3745933055877686,280.790869140625,5.773290613087798,2.585856153564624,False,0.11633344412951958
linear,250,harmonic,7.491866111755371,0.1,0.7491866111755372,0.6120935559272767,0.08170108045135112,1.8284764213585079,True,0.44956901469431376
linear,250,betweenness,7.491866111755371,0.1,0.7491866111755372,152.98629455566407,3.1455237166097487,1.8284764213585079,False,0.17141167869510357
linear,250,harmonic,7.491866111755371,0.2,1.4983732223510744,0.3480446755886078,0.046456339501649166,1.292928076782312,True,0.5817497309447154
linear,250,betweenness,7.491866111755371,0.2,1.4983732223510744,83.016162109375,1.7068803943215105,1.292928076782312,False,0.26176183569979417
linear,250,harmonic,7.491866111755371,0.3,2.247559833526611,0.2371556580066681,0.031655084923975195,1.055671354078218,True,0.6551155202542656
linear,250,betweenness,7.491866111755371,0.3,2.247559833526611,53.557691955566405,1.101190082042392,1.055671354078218,False,0.33807537532566456
linear,250,harmonic,7.491866111755371,0.4,2.996746444702149,0.1830110639333725,0.02442796777243692,0.9142382106792539,True,0.7016334159827136
linear,250,betweenness,7.491866111755371,0.4,2.996746444702149,36.079087829589845,0.7418156428406631,0.9142382106792539,True,0.40589269453700016
linear,250,harmonic,7.491866111755371,0.5,3.7459330558776855,0.14111729562282563,0.01883606747875548,0.8177195146826345,True,0.7369967872829288
linear,250,betweenness,7.491866111755371,0.5,3.7459330558776855,25.196361541748047,0.5180578628434264,0.8177195146826345,True,0.47729593448234464
linear,250,harmonic,7.491866111755371,0.6,4.495119667053222,0.12115597128868102,0.01617166797716487,0.7464723731730929,True,0.768087724407313
linear,250,betweenness,7.491866111755371,0.6,4.495119667053222,24.664313507080077,0.5071185187911735,0.7464723731730929,True,0.5550551283587427
linear,250,harmonic,7.491866111755371,0.7,5.244306278228759,0.09818568378686905,0.013105637810692775,0.6910991270085662,True,0.8002576907310803
linear,250,betweenness,7.491866111755371,0.7,5.244306278228759,21.283928298950194,0.43761502585193857,0.6910991270085662,True,0.6443842634438581
linear,250,harmonic,7.491866111755371,0.8,5.993492889404298,0.08739263117313385,0.0116650017324799,0.646464038391156,True,0.8371780425916807
linear,250,betweenness,7.491866111755371,0.8,5.993492889404298,18.749365997314452,0.3855023457313058,0.646464038391156,True,0.7404503448231828
linear,250,harmonic,7.491866111755371,0.9,6.742679500579834,0.06547374725341797,0.008739310910893631,0.609492140452836,True,0.8911211318647931
linear,250,betweenness,7.491866111755371,0.9,6.742679500579834,15.290385818481445,0.3143828757199353,0.609492140452836,True,0.8570622680683622
linear,500,harmonic,34.750614166259766,0.025,0.8687653541564941,1.8582544565200805,0.05347400329759656,1.9406761211300139,True,0.40195860385840765
linear,500,betweenness,34.750614166259766,0.025,0.8687653541564941,3207.2083984375,2.7345320369454367,1.9406761211300139,False,0.1988775971724149
linear,500,harmonic,34.750614166259766,0.05,1.7375307083129883,1.004304039478302,0.028900324888456383,1.3722652453378386,True,0.5149720939466215
linear,500,betweenness,34.750614166259766,0.05,1.7375307083129883,1921.7818359375,1.6385508347231659,1.3722652453378386,False,0.2730402597260446
linear,500,harmonic,34.750614166259766,0.1,3.4750614166259766,0.6277643322944642,0.01806484136628515,0.9703380605650069,True,0.6148284668863386
linear,500,betweenness,34.750614166259766,0.1,3.4750614166259766,1162.4228759765624,0.9911057218435712,0.9703380605650069,False,0.35226039244222696
linear,500,harmonic,34.750614166259766,0.2,6.950122833251953,0.3736163854598999,0.010751360642789828,0.6861326226689193,True,0.7152644800094264
linear,500,betweenness,34.750614166259766,0.2,6.950122833251953,563.0467651367187,0.48006528615819055,0.6861326226689193,True,0.44837076576363943
linear,500,harmonic,34.750614166259766,0.3,10.42518424987793,0.2843094229698181,0.008181421531417455,0.5602249404721461,True,0.7695145145366344
linear,500,betweenness,34.750614166259766,0.3,10.42518424987793,414.2867797851562,0.3532294541126139,0.5602249404721461,True,0.5271894145748325
linear,500,harmonic,34.750614166259766,0.4,13.900245666503906,0.20667867064476014,0.005947482529544171,0.48516903028250347,True,0.803613121311761
linear,500,betweenness,34.750614166259766,0.4,13.900245666503906,307.39296875,0.2620895858804054,0.48516903028250347,True,0.5945985535723166
linear,500,harmonic,34.750614166259766,0.5,17.375307083129883,0.17664655447006225,0.005083264244623705,0.4339483729157327,True,0.8303273204242891
linear,500,betweenness,34.750614166259766,0.5,17.375307083129883,234.72210693359375,0.20012891008328182,0.4339483729157327,True,0.6550142473053223
linear,500,harmonic,34.750614166259766,0.6,20.85036849975586,0.14420052170753478,0.004149581961850408,0.3961388543976844,True,0.8548519545788485
linear,500,betweenness,34.750614166259766,0.6,20.85036849975586,190.65984497070312,0.16256051664289692,0.3961388543976844,True,0.7169690061884587
linear,500,harmonic,34.750614166259766,0.7,24.325429916381836,0.1169832170009613,0.0033663640142090846,0.36675331370224845,True,0.8804172183749233
linear,500,betweenness,34.750614166259766,0.7,24.325429916381836,168.31748962402344,0.14351096360914967,0.36675331370224845,True,0.7793239119328996
linear,500,harmonic,34.750614166259766,0.8,27.800491333007812,0.09539061486721039,0.002745005150436377,0.34306631133445964,True,0.9067297782299895
linear,500,betweenness,34.750614166259766,0.8,27.800491333007812,139.43258666992188,0.1188830995294311,0.34306631133445964,True,0.8430946488286265
linear,500,harmonic,34.750614166259766,0.9,31.27555274963379,0.0665892481803894,0.0019162034910175073,0.3234460201883356,True,0.9382864259720103
linear,500,betweenness,34.750614166259766,0.9,31.27555274963379,116.78581237792969,0.09957399262353268,0.3234460201883356,True,0.9118181218083261
linear,1000,harmonic,148.3889617919922,0.025,3.7097240447998048,1.8934552192687988,0.01276008131873714,1.0380992885728832,True,0.6430383280093761
linear,1000,betweenness,148.3889617919922,0.025,3.7097240447998048,17477.207421875,0.7991080111701923,1.0380992885728832,True,0.4642547634674937
linear,1000,harmonic,148.3889617919922,0.05,7.4194480895996096,1.0364643454551696,0.006984780626122707,0.7340470464948163,True,0.7159498527812855
linear,1000,betweenness,148.3889617919922,0.05,7.4194480895996096,10954.2328125,0.5008589178689868,0.7340470464948163,True,0.5534208758028626
linear,1000,harmonic,148.3889617919922,0.1,14.838896179199219,0.6889713644981384,0.004643009535061784,0.5190496442864416,True,0.7813806290400489
linear,1000,betweenness,148.3889617919922,0.1,14.838896179199219,6482.6853515625,0.29640695296923386,0.5190496442864416,True,0.6479274626179424
linear,1000,harmonic,148.3889617919922,0.2,29.677792358398438,0.39692221879959105,0.0026748769854996785,0.36702352324740817,True,0.8490925781147418
linear,1000,betweenness,148.3889617919922,0.2,29.677792358398438,3381.666015625,0.15461946173423688,0.36702352324740817,True,0.7500779878148359
linear,1000,harmonic,148.3889617919922,0.3,44.51668853759765,0.31240134239196776,0.0021052869338750676,0.2996734518515566,True,0.879169138914483
linear,1000,betweenness,148.3889617919922,0.3,44.51668853759765,2555.9400390625,0.11686490364181856,0.2996734518515566,True,0.8133092508460406
linear,1000,harmonic,148.3889617919922,0.4,59.355584716796876,0.2460420846939087,0.0016580888613453885,0.2595248221432208,True,0.8973427525468567
linear,1000,betweenness,148.3889617919922,0.4,59.355584716796876,1901.6878662109375,0.08695061928098789,0.2595248221432208,True,0.8547802953123498
linear,1000,harmonic,148.3889617919922,0.5,74.1944808959961,0.18730649948120118,0.0012622670663587673,0.23212605766431377,True,0.9119501917087032
linear,1000,betweenness,148.3889617919922,0.5,74.1944808959961,1584.4861083984374,0.07244724584685591,0.23212605766431377,True,0.8840582089656384
linear,1000,harmonic,148.3889617919922,0.6,89.0333770751953,0.15855920314788818,0.0010685377216275182,0.211901129945816,True,0.924534886108094
linear,1000,betweenness,148.3889617919922,0.6,89.0333770751953,1311.451611328125,0.05996332615259027,0.211901129945816,True,0.9079435361224772
linear,1000,harmonic,148.3889617919922,0.7,103.87227325439453,0.12603724002838135,0.0008493707247918959,0.19618232526835175,True,0.9382672353564775
linear,1000,betweenness,148.3889617919922,0.7,103.87227325439453,1045.103759765625,0.047785139054166,0.19618232526835175,True,0.9278654128807954
linear,1000,harmonic,148.3889617919922,0.8,118.71116943359375,0.0998862624168396,0.0006731380906678057,0.18351176162370408,True,0.9519890672962704
linear,1000,betweenness,148.3889617919922,0.8,118.71116943359375,864.598388671875,0.039531916178312004,0.18351176162370408,True,0.9470790077271234
linear,1000,harmonic,148.3889617919922,0.9,133.55006561279296,0.07615169286727905,0.0005131897409864389,0.17301654809548053,True,0.9686536752863137
linear,1000,betweenness,148.3889617919922,0.9,133.55006561279296,648.5556884765625,0.02965382476967935,0.17301654809548053,True,0.9686766271783325
linear,1500,harmonic,341.2108154296875,0.025,8.530270385742188,1.9002868413925171,0.005569245626049344,0.7193504037084442,True,0.7727302588731921
linear,1500,betweenness,341.2108154296875,0.025,8.530270385742188,39970.5109375,0.34432518960530883,0.7193504037084442,True,0.6346702889035291
linear,1500,harmonic,341.2108154296875,0.05,17.060540771484376,1.078283929824829,0.003160169259192279,0.5086575485115215,True,0.8228252942766346
linear,1500,betweenness,341.2108154296875,0.05,17.060540771484376,23733.910546875,0.20445531111440204,0.5086575485115215,True,0.7145540265684743
linear,1500,harmonic,341.2108154296875,0.1,34.12108154296875,0.7262860536575317,0.0021285551946614535,0.3596752018542221,True,0.8697920168604917
linear,1500,betweenness,341.2108154296875,0.1,34.12108154296875,14927.351171875,0.1285913765425178,0.3596752018542221,True,0.7927727707402722
linear,1500,harmonic,341.2108154296875,0.2,68.2421630859375,0.4047910213470459,0.0011863370181783121,0.2543287742557607,True,0.915434224783111
linear,1500,betweenness,341.2108154296875,0.2,68.2421630859375,7978.048046875,0.06872673983867555,0.2543287742557607,True,0.8675180871779153
linear,1500,harmonic,341.2108154296875,0.3,102.36324462890624,0.31725951433181765,0.0009298049768214178,0.2076585746113681,True,0.9329174644604865
linear,1500,betweenness,341.2108154296875,0.3,102.36324462890624,6063.9826171875,0.05223806039635724,0.2076585746113681,True,0.9051952039618343
linear,1500,harmonic,341.2108154296875,0.4,136.484326171875,0.2510409951210022,0.0007357357497735403,0.17983760092711104,True,0.9424880179514453
linear,1500,betweenness,341.2108154296875,0.4,136.484326171875,4845.426953125,0.04174083631210623,0.17983760092711104,True,0.926721792225065
linear,1500,harmonic,341.2108154296875,0.5,170.60540771484375,0.1929495930671692,0.0005654849856508427,0.1608516402333998,True,0.9512572696211814
linear,1500,betweenness,341.2108154296875,0.5,170.60540771484375,3897.20107421875,0.03357236290796124,0.1608516402333998,True,0.9415789671300834
linear,1500,harmonic,341.2108154296875,0.6,204.7264892578125,0.15339772701263427,0.00044956877119929563,0.14683678627923102,True,0.958796031629166
linear,1500,betweenness,341.2108154296875,0.6,204.7264892578125,3092.91728515625,0.026643875839120618,0.14683678627923102,True,0.9541676461327473
linear,1500,harmonic,341.2108154296875,0.7,238.84757080078123,0.129953932762146,0.0003808611183631291,0.1359444481233185,True,0.967090231197196
linear,1500,betweenness,341.2108154296875,0.7,238.84757080078123,2563.56845703125,0.022083810647647518,0.1359444481233185,True,0.9649534842475106
linear,1500,harmonic,341.2108154296875,0.8,272.96865234375,0.1036408543586731,0.00030374434124591846,0.12716438712788036,True,0.9746049398888283
linear,1500,betweenness,341.2108154296875,0.8,272.96865234375,2067.11484375,0.017807120645095383,0.12716438712788036,True,0.975818647247161
linear,1500,harmonic,341.2108154296875,0.9,307.08973388671876,0.07666385173797607,0.00022468177522870465,0.11989173395140736,True,0.9837024096722702
linear,1500,betweenness,341.2108154296875,0.9,307.08973388671876,1501.358984375,0.012933427790525245,0.11989173395140736,True,0.9868570127723666
linear,2000,harmonic,612.2716674804688,0.025,15.306791687011719,1.9594058275222779,0.0032002229265079988,0.554504189183963,True,0.8550372675796802
linear,2000,betweenness,612.2716674804688,0.025,15.306791687011719,71304.871875,0.19052008825827388,0.554504189183963,True,0.7381396322147789
linear,2000,harmonic,612.2716674804688,0.05,30.613583374023438,1.1553476572036743,0.001886985334399014,0.3920936723683285,True,0.890811278949883
linear,2000,betweenness,612.2716674804688,0.05,30.613583374023438,43235.36953125,0.11552094832191766,0.3920936723683285,True,0.8049292062230752
linear,2000,harmonic,612.2716674804688,0.1,61.227166748046876,0.7571142196655274,0.0012365658250709094,0.2772520945919815,True,0.9220531752498132
linear,2000,betweenness,612.2716674804688,0.1,61.227166748046876,27258.846875,0.07283314275562988,0.2772520945919815,True,0.8660652644871785
linear,2000,harmonic,612.2716674804688,0.2,122.45433349609375,0.4217496156692505,0.0006888275876046545,0.19604683618416424,True,0.951147181645692
linear,2000,betweenness,612.2716674804688,0.2,122.45433349609375,15705.596875,0.04196391668747908,0.19604683618416424,True,0.9206934131563326
linear,2000,harmonic,612.2716674804688,0.3,183.6815002441406,0.3137101650238037,0.0005123708668649296,0.16007157144606812,True,0.9623508263407089
linear,2000,betweenness,612.2716674804688,0.3,183.6815002441406,11834.71015625,0.031621261832326095,0.16007157144606812,True,0.9454763003623835
linear,2000,harmonic,612.2716674804688,0.4,244.9086669921875,0.2523952126502991,0.00041222748994563006,0.13862604729599076,True,0.9674881999522335
linear,2000,betweenness,612.2716674804688,0.4,244.9086669921875,9787.0234375,0.02615003042663128,0.13862604729599076,True,0.9595136033055078
linear,2000,harmonic,612.2716674804688,0.5,306.1358337402344,0.19774165153503417,0.0003229639097114388,0.12399090608237451,True,0.9725174030913539
linear,2000,betweenness,612.2716674804688,0.5,306.1358337402344,7637.24921875,0.020406030569095433,0.12399090608237451,True,0.9693990017435373
linear,2000,harmonic,612.2716674804688,0.6,367.3630004882812,0.1576939344406128,0.00025755549834525566,0.11318769364470171,True,0.976975068349686
linear,2000,betweenness,612.2716674804688,0.6,367.3630004882812,5871.1763671875,0.015687245629125594,0.11318769364470171,True,0.9774144375039535
linear,2000,harmonic,612.2716674804688,0.7,428.5901672363281,0.13412876129150392,0.00021906739837146324,0.10479144182316272,True,0.9816151280500257
linear,2000,betweenness,612.2716674804688,0.7,428.5901672363281,4993.68828125,0.013342677815141337,0.10479144182316272,True,0.9839093652118107
linear,2000,harmonic,612.2716674804688,0.8,489.817333984375,0.10564665794372559,0.00017254866353438717,0.09802341809208212,True,0.9855866113637195
linear,2000,betweenness,612.2716674804688,0.8,489.817333984375,3997.0697265625,0.010679804297441803,0.09802341809208212,True,0.9896906978451916
linear,2000,harmonic,612.2716674804688,0.9,551.0445007324219,0.07658114433288574,0.00012507706693014445,0.09241736486399385,True,0.9907577066371591
linear,2000,betweenness,612.2716674804688,0.9,551.0445007324219,2859.2255859375,0.0076395889461533,0.09241736486399385,True,0.994796039233327
linear,3000,harmonic,1389.10986328125,0.025,34.72774658203125,1.991822862625122,0.0014338843278530822,0.38382226542182674,True,0.9400184378838308
linear,3000,betweenness,1389.10986328125,0.025,34.72774658203125,172319.021875,0.08936609593309099,0.38382226542182674,True,0.856009619519307
linear,3000,harmonic,1389.10986328125,0.05,69.4554931640625,1.1751264810562134,0.0008459564733637545,0.2714033266501566,True,0.9577999903531952
linear,3000,betweenness,1389.10986328125,0.05,69.4554931640625,108177.3875,0.05610170417592592,0.2714033266501566,True,0.9005507788081537
linear,3000,harmonic,1389.10986328125,0.1,138.910986328125,0.7736389398574829,0.0005569314280369816,0.19191113271091337,True,0.971287792779172
linear,3000,betweenness,1389.10986328125,0.1,138.910986328125,68889.9078125,0.035726886349549555,0.19191113271091337,True,0.9367741793637256
linear,3000,harmonic,1389.10986328125,0.2,277.82197265625,0.43243887424468996,0.00031130646011195664,0.1357016633250783,True,0.983178904833186
linear,3000,betweenness,1389.10986328125,0.2,277.82197265625,40314.4140625,0.020907394641603478,0.1357016633250783,True,0.9656187880988043
linear,3000,harmonic,1389.10986328125,0.3,416.732958984375,0.3277887344360352,0.00023597034554326572,0.11079994413113183,True,0.9876996531435707
linear,3000,betweenness,1389.10986328125,0.3,416.732958984375,29460.996875,0.01527872108585658,0.11079994413113183,True,0.9776022326675614
linear,3000,harmonic,1389.10986328125,0.4,555.6439453125,0.26145823001861573,0.0001882199795205679,0.09595556635545668,True,0.9894313339863505
linear,3000,betweenness,1389.10986328125,0.4,555.6439453125,25141.375,0.013038528803683853,0.09595556635545668,True,0.9841557579655895
linear,3000,harmonic,1389.10986328125,0.5,694.554931640625,0.2009059429168701,0.00014462926815759938,0.08582526767611716,True,0.9913743808613317
linear,3000,betweenness,1389.10986328125,0.5,694.554931640625,19783.00625,0.010259633644304763,0.08582526767611716,True,0.9885169396388693
linear,3000,harmonic,1389.10986328125,0.6,833.46591796875,0.16477591991424562,0.00011861978974436509,0.07834739185021393,True,0.9929319566303612
linear,3000,betweenness,1389.10986328125,0.6,833.46591796875,16139.746875,0.008370208650634819,0.07834739185021393,True,0.9919679326582695
linear,3000,harmonic,1389.10986328125,0.7,972.376904296875,0.13291707038879394,9.568506703625825e-05,0.07253559013968425,True,0.9945180952794376
linear,3000,betweenness,1389.10986328125,0.7,972.376904296875,13681.54296875,0.007095363403031265,0.07253559013968425,True,0.9945625516808171
linear,3000,harmonic,1389.10986328125,0.8,1111.287890625,0.11264097690582275,8.108860204890546e-05,0.06785083166253915,True,0.995668587453442
linear,3000,betweenness,1389.10986328125,0.8,1111.287890625,10048.31328125,0.00521113988976407,0.06785083166253915,True,0.9966841344681798
linear,3000,harmonic,1389.10986328125,0.9,1250.1988769531251,0.0785879373550415,5.6574313833901545e-05,0.06397037757030445,True,0.9974330420799674
linear,3000,betweenness,1389.10986328125,0.9,1250.1988769531251,7368.51640625,0.0038213746624163416,0.06397037757030445,True,0.9984119432269793
linear,4000,harmonic,2572.3291015625,0.025,64.3082275390625,1.960870361328125,0.0007622937361074993,0.29042403953300955,True,0.9756267294940784
linear,4000,betweenness,2572.3291015625,0.025,64.3082275390625,346867.4,0.05244200515473762,0.29042403953300955,True,0.9177205932532733
linear,4000,harmonic,2572.3291015625,0.05,128.616455078125,1.1572792530059814,0.00044989548666343656,0.205360807773381,True,0.9838902580524488
linear,4000,betweenness,2572.3291015625,0.05,128.616455078125,211989.33125,0.032050130978471536,0.205360807773381,True,0.9463344279638115
linear,4000,harmonic,2572.3291015625,0.1,257.23291015625,0.7984267234802246,0.00031039058065907634,0.14521201976650477,True,0.9896996841072841
linear,4000,betweenness,2572.3291015625,0.1,257.23291015625,143116.7125,0.021637453893488118,0.14521201976650477,True,0.9675004494920876
linear,4000,harmonic,2572.3291015625,0.2,514.4658203125,0.43475589752197263,0.00016901254868900348,0.1026804038866905,True,0.9945343194756575
linear,4000,betweenness,2572.3291015625,0.2,514.4658203125,86823.84375,0.013126677403214118,0.1026804038866905,True,0.9830095763987254
linear,4000,harmonic,2572.3291015625,0.3,771.69873046875,0.3415063858032227,0.000132761545012177,0.08383819870176079,True,0.9960746060359901
linear,4000,betweenness,2572.3291015625,0.3,771.69873046875,60064.45625,0.009080993267972176,0.08383819870176079,True,0.9892104084229938
linear,4000,harmonic,2572.3291015625,0.4,1028.931640625,0.2662174940109253,0.00010349278163871716,0.07260600988325239,True,0.9966216921625449
linear,4000,betweenness,2572.3291015625,0.4,1028.931640625,49630.146875,0.007503456416628184,0.07260600988325239,True,0.9924872935569029
linear,4000,harmonic,2572.3291015625,0.5,1286.16455078125,0.20527825355529786,7.980248461622056e-05,0.06494078946958956,True,0.997313956217306
linear,4000,betweenness,2572.3291015625,0.5,1286.16455078125,40749.978125,0.006160886156746627,0.06494078946958956,True,0.9946246258499197
linear,4000,harmonic,2572.3291015625,0.6,1543.3974609375,0.1646362543106079,6.400279583611737e-05,0.059282558824480254,True,0.9978577348707433
linear,4000,betweenness,2572.3291015625,0.6,1543.3974609375,34051.059375,0.005148093569093049,0.059282558824480254,True,0.9962831317403886
linear,4000,harmonic,2572.3291015625,0.7,1800.6303710937498,0.13270182609558107,5.1588199198529655e-05,0.05488498452565247,True,0.9983721919101003
linear,4000,betweenness,2572.3291015625,0.7,1800.6303710937498,28151.6453125,0.004256176073601814,0.05488498452565247,True,0.9975040149553394
linear,4000,harmonic,2572.3291015625,0.8,2057.86328125,0.11180005073547364,4.3462576646029997e-05,0.05134020194334525,True,0.998707440265098
linear,4000,betweenness,2572.3291015625,0.8,2057.86328125,20818.7203125,0.0031475296840901327,0.05134020194334525,True,0.998486819609124
linear,4000,harmonic,2572.3291015625,0.9,2315.09619140625,0.08224906921386718,3.197455145374165e-05,0.048404006588834925,True,0.9992971424016425
linear,4000,betweenness,2572.3291015625,0.9,2315.09619140625,15285.603125,0.002310991686951623,0.048404006588834925,True,0.9992875650030524
